id,room_id,category_id,subcategory_id,date,photoUrl,description,cost,dateFixed
1,52,4,18,2019-7-30 22:20:07,http://lorempixel.com/400/400/business,Ipsum itaque modi laudantium.,739,
2,7,5,23,2019-8-8 15:17:09,http://lorempixel.com/400/400/business,Unde reprehenderit labore.,441,
3,100,2,13,2019-8-5 10:30:03,http://lorempixel.com/400/400/business,Hic earum molestiae velit beatae quo minima.,14,
4,61,4,19,2019-8-4 21:33:26,http://lorempixel.com/400/400/business,Dolor rem tempore at.,933,
5,38,1,3,2019-8-14 04:05:11,http://lorempixel.com/400/400/business,Corporis sapiente possimus omnis qui aspernatur.,974,
6,33,1,7,2019-8-2 11:12:31,http://lorempixel.com/400/400/business,Illum a molestias odio possimus velit neque officia est.,334,2019-8-23 04:25:23
7,18,4,18,2019-8-11 20:29:32,http://lorempixel.com/400/400/business,Et voluptas nulla dolore similique facilis.,989,2019-9-10 02:48:57
8,92,5,23,2019-8-11 04:22:05,http://lorempixel.com/400/400/business,Minima quia iusto laboriosam dignissimos voluptatem ea in et et.,27,2019-9-26 20:12:24
9,67,4,19,2019-7-28 01:00:00,http://lorempixel.com/400/400/business,Voluptate cum quia.,833,
10,82,3,16,2019-7-30 06:06:41,http://lorempixel.com/400/400/business,Totam beatae et ipsam explicabo eius asperiores fugit perferendis.,265,2019-8-27 11:38:41
11,67,2,13,2019-7-26 10:19:23,http://lorempixel.com/400/400/business,Voluptatem tenetur itaque voluptatibus libero.,420,
12,90,1,5,2019-7-31 19:26:28,http://lorempixel.com/400/400/business,Fugit dolores commodi mollitia.,405,2019-9-29 09:17:35
13,58,2,9,2019-7-28 14:06:11,http://lorempixel.com/400/400/business,Magni animi dolores numquam porro consequuntur ullam nostrum.,801,
14,7,1,2,2019-8-3 06:11:49,http://lorempixel.com/400/400/business,In totam est recusandae occaecati vel harum.,697,
15,41,5,22,2019-7-30 07:40:46,http://lorempixel.com/400/400/business,Expedita sed occaecati qui aut pariatur et quis qui voluptatem.,402,
16,84,2,13,2019-8-9 09:05:23,http://lorempixel.com/400/400/business,Modi quisquam ut animi atque fuga.,621,
17,43,1,4,2019-8-6 12:49:35,http://lorempixel.com/400/400/business,Deleniti vero ut et vel voluptatum delectus.,893,2019-8-16 21:43:09
18,88,4,21,2019-8-7 01:26:05,http://lorempixel.com/400/400/business,Eum quis adipisci maxime aperiam eum sed ab.,850,2019-9-20 10:21:48
19,20,3,17,2019-8-10 15:55:48,http://lorempixel.com/400/400/business,Rem molestiae necessitatibus enim perspiciatis occaecati optio est vitae.,151,2019-9-5 01:36:51
20,75,3,15,2019-8-4 19:10:20,http://lorempixel.com/400/400/business,Quis tenetur voluptatem ab.,325,
21,25,4,20,2019-7-30 06:35:24,http://lorempixel.com/400/400/business,Eos fuga corrupti.,296,
22,56,1,5,2019-8-9 12:48:16,http://lorempixel.com/400/400/business,Esse distinctio magnam excepturi quam natus.,148,2019-9-11 23:39:04
23,75,2,13,2019-8-12 18:23:39,http://lorempixel.com/400/400/business,Eum nulla quo sapiente qui.,22,
24,42,3,14,2019-7-30 15:51:59,http://lorempixel.com/400/400/business,Minima repellendus cum nisi sapiente nulla a qui.,703,2019-8-28 10:51:11
25,32,4,18,2019-8-8 15:28:37,http://lorempixel.com/400/400/business,Autem voluptas consequuntur.,312,
26,38,4,18,2019-8-13 19:31:13,http://lorempixel.com/400/400/business,Sit vitae distinctio aliquam voluptatem laboriosam distinctio asperiores nihil non.,827,
27,57,4,18,2019-8-6 18:49:07,http://lorempixel.com/400/400/business,Qui architecto cum nam sunt minima iusto.,751,2019-9-23 19:56:09
28,21,2,13,2019-8-2 01:12:27,http://lorempixel.com/400/400/business,Aut totam commodi non nulla et sequi officia enim.,211,
29,77,2,11,2019-7-29 12:06:38,http://lorempixel.com/400/400/business,Nam dignissimos ut.,94,
30,78,5,22,2019-7-31 18:19:17,http://lorempixel.com/400/400/business,Minus tempore eaque harum esse.,286,2019-8-31 08:04:31
31,86,2,9,2019-7-29 02:20:30,http://lorempixel.com/400/400/business,Dolor cupiditate adipisci praesentium perferendis at.,158,
32,7,1,7,2019-8-7 11:24:06,http://lorempixel.com/400/400/business,Quas architecto et modi blanditiis est laboriosam optio.,790,
33,86,4,18,2019-8-6 22:03:07,http://lorempixel.com/400/400/business,Ut necessitatibus ab aut doloremque doloribus pariatur ut non id.,579,2019-8-22 07:54:58
34,29,1,4,2019-8-10 00:06:06,http://lorempixel.com/400/400/business,Laboriosam corporis qui aspernatur ab inventore accusantium sed voluptas quibusdam.,500,
35,87,2,9,2019-8-6 15:02:41,http://lorempixel.com/400/400/business,Quia voluptate autem cum.,283,2019-9-30 03:20:13
36,2,1,7,2019-8-4 15:09:12,http://lorempixel.com/400/400/business,Cupiditate consequatur voluptatem quis.,601,
37,82,4,21,2019-8-4 03:23:58,http://lorempixel.com/400/400/business,Magni dolores molestias voluptates et voluptatem.,37,
38,95,3,16,2019-8-5 12:52:47,http://lorempixel.com/400/400/business,Dolores sint nemo aut quos molestiae possimus consectetur.,168,
39,45,4,20,2019-8-11 22:02:30,http://lorempixel.com/400/400/business,Inventore qui dolorum atque sit.,621,
40,55,2,13,2019-7-31 03:17:55,http://lorempixel.com/400/400/business,Ratione voluptatem officiis quia tenetur.,415,
41,77,3,16,2019-8-10 20:10:08,http://lorempixel.com/400/400/business,Numquam in suscipit sunt velit ut consectetur rerum quia.,153,2019-8-30 02:52:31
42,48,3,16,2019-8-4 19:15:21,http://lorempixel.com/400/400/business,Consequuntur unde qui velit amet et.,675,2019-8-30 23:16:11
43,48,1,3,2019-8-6 00:51:16,http://lorempixel.com/400/400/business,Enim et aspernatur earum.,615,2019-8-31 13:11:55
44,33,1,7,2019-8-12 08:53:03,http://lorempixel.com/400/400/business,Maiores dolor fuga ad tempore.,361,
45,65,1,8,2019-8-13 03:09:09,http://lorempixel.com/400/400/business,Eveniet ipsam non.,861,
46,77,5,22,2019-8-1 23:19:46,http://lorempixel.com/400/400/business,Rem ea rerum saepe non.,118,2019-9-8 15:08:17
47,33,5,23,2019-8-13 14:54:13,http://lorempixel.com/400/400/business,Expedita distinctio quod et veniam ut possimus expedita non.,476,2019-9-26 00:05:51
48,55,4,18,2019-7-30 03:19:56,http://lorempixel.com/400/400/business,Voluptatem corporis quam qui eligendi quod.,594,
49,46,4,20,2019-7-29 04:10:08,http://lorempixel.com/400/400/business,Ut aspernatur iste repudiandae expedita distinctio cumque cumque ut.,748,
50,55,3,14,2019-8-9 03:50:28,http://lorempixel.com/400/400/business,Nulla quasi dolores.,470,
51,72,2,12,2019-8-7 03:30:27,http://lorempixel.com/400/400/business,Eum est a eaque quia delectus ut.,343,
52,50,2,11,2019-8-7 18:44:22,http://lorempixel.com/400/400/business,Molestiae hic earum deserunt aliquam id et incidunt temporibus.,36,
53,34,3,17,2019-8-13 16:17:54,http://lorempixel.com/400/400/business,Repellendus architecto temporibus.,537,
54,29,5,22,2019-8-14 05:54:34,http://lorempixel.com/400/400/business,Magnam sint alias nam ut.,63,
55,27,5,23,2019-8-10 11:05:25,http://lorempixel.com/400/400/business,Nulla similique quis hic esse et non eveniet dolor perspiciatis.,638,
56,37,4,18,2019-8-7 22:35:40,http://lorempixel.com/400/400/business,Est et quam excepturi et iure.,366,2019-8-21 12:14:47
57,26,3,17,2019-7-30 05:31:18,http://lorempixel.com/400/400/business,Aut vel facilis sit quam tempore quo distinctio officia doloremque.,563,
58,97,2,9,2019-8-6 01:06:22,http://lorempixel.com/400/400/business,Deleniti tenetur illum dolores fugit debitis.,136,2019-9-19 20:07:01
59,92,4,21,2019-8-3 20:54:27,http://lorempixel.com/400/400/business,Omnis labore dolores quia porro ullam tempore ipsum facere.,337,
60,63,4,19,2019-7-30 00:41:06,http://lorempixel.com/400/400/business,Illo unde quae sit voluptas nostrum eligendi nihil.,165,2019-9-12 23:41:58
61,43,2,11,2019-8-13 17:59:45,http://lorempixel.com/400/400/business,Atque tenetur assumenda vero ratione delectus voluptate et.,729,
62,29,1,4,2019-8-2 16:51:36,http://lorempixel.com/400/400/business,Maiores harum quis officiis ut corrupti qui unde.,859,
63,60,3,15,2019-8-13 13:26:58,http://lorempixel.com/400/400/business,Dolorem facere eveniet ut saepe molestias voluptate est autem.,62,
64,80,2,9,2019-7-25 05:05:37,http://lorempixel.com/400/400/business,Qui ipsam reprehenderit voluptatem.,344,2019-8-13 19:42:53
65,28,2,11,2019-8-2 09:01:46,http://lorempixel.com/400/400/business,Necessitatibus voluptatem non quis reprehenderit molestiae quas est.,496,
66,100,5,23,2019-8-8 20:09:06,http://lorempixel.com/400/400/business,Amet non unde amet eaque et consequuntur ut et sed.,743,2019-9-17 22:11:29
67,34,5,23,2019-7-31 16:16:17,http://lorempixel.com/400/400/business,Delectus id voluptatem sed aut distinctio optio eaque ducimus.,94,
68,41,2,10,2019-7-25 21:52:47,http://lorempixel.com/400/400/business,Consectetur nihil dignissimos sed repellat ut perspiciatis.,473,
69,94,5,22,2019-8-13 05:46:55,http://lorempixel.com/400/400/business,Et eaque dolorem.,750,
70,16,3,14,2019-8-14 16:26:46,http://lorempixel.com/400/400/business,Maxime accusantium repellat aliquam nam tempora ut.,719,
71,2,5,23,2019-8-4 00:28:01,http://lorempixel.com/400/400/business,Asperiores suscipit animi doloribus est soluta accusantium.,364,2019-8-11 07:59:22
72,93,2,13,2019-7-28 12:20:51,http://lorempixel.com/400/400/business,Est sunt et et est beatae ullam soluta mollitia.,271,2019-9-9 14:11:13
73,99,2,10,2019-8-14 16:47:11,http://lorempixel.com/400/400/business,Culpa dolorem ea voluptates in amet perferendis earum enim aut.,515,
74,100,5,22,2019-8-10 21:36:36,http://lorempixel.com/400/400/business,Est qui voluptatem natus laudantium voluptatibus quidem quam deleniti.,404,
75,28,3,16,2019-8-8 23:39:03,http://lorempixel.com/400/400/business,Sunt debitis ad corrupti nostrum beatae est rem sed laborum.,500,
76,56,2,9,2019-8-11 13:29:11,http://lorempixel.com/400/400/business,Et facilis et architecto ipsa quam.,223,2019-9-2 19:57:28
77,54,2,12,2019-8-10 13:23:29,http://lorempixel.com/400/400/business,Quo quis officiis ratione.,24,2019-9-9 21:57:14
78,45,5,23,2019-8-4 05:59:40,http://lorempixel.com/400/400/business,Eaque eveniet voluptatem quia id culpa.,161,
79,25,3,17,2019-7-25 00:51:08,http://lorempixel.com/400/400/business,Qui possimus hic nulla sed voluptatem et.,803,
80,69,2,9,2019-8-6 14:27:23,http://lorempixel.com/400/400/business,Et labore nostrum.,647,2019-8-29 14:19:00
81,17,5,22,2019-8-8 06:47:31,http://lorempixel.com/400/400/business,Ab rem neque qui nihil.,543,
82,75,1,7,2019-7-26 00:57:12,http://lorempixel.com/400/400/business,Et id omnis dolorem.,930,2019-8-5 00:40:07
83,45,1,1,2019-8-4 07:19:45,http://lorempixel.com/400/400/business,Porro temporibus aut nam error modi repudiandae qui blanditiis.,202,2019-9-3 09:37:17
84,71,1,6,2019-8-3 13:32:44,http://lorempixel.com/400/400/business,Excepturi veritatis adipisci voluptatum magni atque.,518,
85,67,5,23,2019-8-12 17:44:54,http://lorempixel.com/400/400/business,Error amet officia quaerat dolor.,764,
86,78,2,10,2019-7-28 15:05:46,http://lorempixel.com/400/400/business,Quo consequatur voluptas aliquam placeat accusamus sapiente animi.,335,2019-9-21 00:25:08
87,94,1,3,2019-8-4 02:19:08,http://lorempixel.com/400/400/business,Facilis ducimus voluptatibus numquam quo.,16,
88,87,2,11,2019-7-27 08:09:34,http://lorempixel.com/400/400/business,Ut voluptatibus maiores sit.,723,2019-8-3 20:41:28
89,22,4,20,2019-8-6 15:08:28,http://lorempixel.com/400/400/business,Magni quibusdam quos tenetur porro.,36,2019-8-7 20:28:56
90,28,3,15,2019-7-31 15:48:36,http://lorempixel.com/400/400/business,Quas adipisci eaque sunt iure alias ipsum asperiores omnis.,541,
91,50,2,11,2019-7-27 08:13:56,http://lorempixel.com/400/400/business,Sed magnam culpa repellat laborum accusantium labore ut.,530,
92,2,4,18,2019-8-7 02:54:17,http://lorempixel.com/400/400/business,Expedita mollitia velit dignissimos illo.,868,2019-8-8 06:16:19
93,23,3,16,2019-8-12 21:45:57,http://lorempixel.com/400/400/business,Et beatae quos qui.,964,2019-9-16 04:06:21
94,26,5,22,2019-8-12 02:58:09,http://lorempixel.com/400/400/business,Aperiam voluptatem harum quos omnis tenetur.,710,2019-9-11 10:10:07
95,47,4,20,2019-8-11 03:32:45,http://lorempixel.com/400/400/business,Quo quia nobis voluptatem illo.,375,
96,71,3,17,2019-8-6 11:52:18,http://lorempixel.com/400/400/business,Quod ex at aperiam molestias.,915,2019-9-14 01:28:49
97,80,1,5,2019-8-8 19:55:22,http://lorempixel.com/400/400/business,Autem voluptas et.,314,
98,7,1,4,2019-7-31 11:50:53,http://lorempixel.com/400/400/business,Aliquid magni dignissimos.,471,
99,95,1,3,2019-8-2 08:47:57,http://lorempixel.com/400/400/business,Consectetur dolores voluptatem et tempora et.,956,
100,79,3,16,2019-7-29 22:09:42,http://lorempixel.com/400/400/business,Saepe consequuntur voluptatem iusto officia ad error sit nihil.,455,
101,49,4,18,2019-8-2 02:21:09,http://lorempixel.com/400/400/business,Omnis eligendi quisquam debitis expedita.,484,
102,6,4,20,2019-8-10 17:51:16,http://lorempixel.com/400/400/business,Tenetur ea voluptatem assumenda ut quos doloremque.,145,2019-8-13 16:04:21
103,40,2,12,2019-7-30 07:12:07,http://lorempixel.com/400/400/business,Officia et aut vel quia saepe reprehenderit a omnis sit.,676,2019-9-21 10:16:51
104,32,3,15,2019-8-6 06:57:44,http://lorempixel.com/400/400/business,Deleniti nihil vero similique sint cupiditate impedit illum.,556,
105,59,5,23,2019-8-12 02:11:09,http://lorempixel.com/400/400/business,Reprehenderit dignissimos veritatis necessitatibus libero officia reiciendis reprehenderit aut.,871,
106,30,4,19,2019-8-14 03:54:12,http://lorempixel.com/400/400/business,Qui similique atque quasi.,219,
107,53,3,14,2019-8-7 09:26:27,http://lorempixel.com/400/400/business,Iure eveniet consequatur a.,234,2019-8-8 08:35:09
108,44,1,3,2019-7-30 23:40:01,http://lorempixel.com/400/400/business,Accusantium illo similique eligendi similique sit reiciendis rerum.,471,
109,1,3,14,2019-7-31 15:46:32,http://lorempixel.com/400/400/business,Amet et et iusto assumenda quo.,972,
110,40,2,9,2019-7-25 17:43:48,http://lorempixel.com/400/400/business,Ad repudiandae libero ut esse voluptas ut.,330,
111,13,5,23,2019-8-3 14:22:35,http://lorempixel.com/400/400/business,Omnis aliquid necessitatibus quos eveniet vero dolores.,639,
112,69,4,20,2019-7-28 23:13:18,http://lorempixel.com/400/400/business,Hic alias officiis asperiores vero ab.,759,2019-8-3 05:59:30
113,38,5,22,2019-7-30 05:51:26,http://lorempixel.com/400/400/business,Et quam dolor odit ipsam aliquam non aperiam maiores.,842,2019-8-12 10:27:09
114,5,2,10,2019-7-29 18:37:02,http://lorempixel.com/400/400/business,Odio voluptas consequatur provident ex.,538,
115,65,1,3,2019-7-27 13:21:34,http://lorempixel.com/400/400/business,A qui praesentium sunt iure qui.,370,
116,37,2,9,2019-8-13 08:24:50,http://lorempixel.com/400/400/business,Voluptatum id pariatur atque voluptas dolor modi dicta.,389,2019-9-15 10:33:23
117,100,1,4,2019-8-9 14:27:03,http://lorempixel.com/400/400/business,Id amet quas illum voluptas molestias est harum.,423,
118,33,5,23,2019-7-30 09:20:23,http://lorempixel.com/400/400/business,Voluptatem eaque veniam inventore.,246,
119,19,5,23,2019-8-7 02:49:18,http://lorempixel.com/400/400/business,At dolorem ut magni debitis quia pariatur eum.,945,2019-9-5 12:06:41
120,70,1,8,2019-7-26 23:59:26,http://lorempixel.com/400/400/business,Possimus ex aperiam debitis modi ut.,272,
121,31,4,18,2019-8-3 12:03:09,http://lorempixel.com/400/400/business,Cupiditate est sit aut sunt nam aliquid aperiam at rerum.,693,2019-8-15 03:43:24
122,98,5,22,2019-8-10 21:26:36,http://lorempixel.com/400/400/business,Est quos voluptatem illum et placeat reiciendis qui aut.,338,2019-8-22 15:55:38
123,48,5,22,2019-8-14 10:05:48,http://lorempixel.com/400/400/business,Sint error et nam ipsam sint quia a sed.,639,
124,40,3,16,2019-7-29 18:26:43,http://lorempixel.com/400/400/business,Et voluptas quaerat vel necessitatibus illum repellat impedit.,92,
125,9,1,1,2019-8-9 06:33:59,http://lorempixel.com/400/400/business,Magnam molestiae fugiat consequatur mollitia laudantium id nesciunt.,999,
126,25,5,23,2019-8-8 02:07:35,http://lorempixel.com/400/400/business,Consequatur et vitae rerum et cum.,78,
127,91,4,20,2019-8-11 03:10:01,http://lorempixel.com/400/400/business,Sit sequi excepturi.,442,2019-8-20 22:41:43
128,92,1,2,2019-8-7 13:14:27,http://lorempixel.com/400/400/business,Fugiat repellat aut ut.,868,2019-8-7 18:50:59
129,66,5,23,2019-8-3 21:45:31,http://lorempixel.com/400/400/business,Qui dicta est velit.,410,2019-9-21 17:18:43
130,10,2,13,2019-8-2 00:02:31,http://lorempixel.com/400/400/business,At quas commodi repellendus ut ea provident incidunt et.,402,
131,35,3,16,2019-8-13 15:39:55,http://lorempixel.com/400/400/business,Tempora labore perspiciatis ducimus totam et assumenda saepe.,136,
132,54,4,19,2019-8-10 06:08:19,http://lorempixel.com/400/400/business,Omnis expedita magni quisquam enim quibusdam maxime voluptates.,393,
133,45,3,17,2019-8-7 12:26:36,http://lorempixel.com/400/400/business,Dolor qui iusto in quia.,39,
134,76,3,17,2019-8-9 14:33:13,http://lorempixel.com/400/400/business,Nihil culpa voluptas a quia quo culpa.,518,2019-8-30 15:52:03
135,17,1,1,2019-8-5 15:17:50,http://lorempixel.com/400/400/business,Omnis dolor atque.,990,2019-9-23 08:52:12
136,77,4,19,2019-8-12 09:26:08,http://lorempixel.com/400/400/business,Autem eius aperiam dolores omnis sunt.,945,2019-9-9 04:30:12
137,52,4,19,2019-8-5 07:01:14,http://lorempixel.com/400/400/business,Alias velit explicabo esse optio iure tempora qui quaerat.,48,2019-8-26 04:53:58
138,62,3,14,2019-8-4 21:52:13,http://lorempixel.com/400/400/business,Pariatur debitis sit sunt itaque accusantium sit ea natus accusantium.,484,
139,11,4,21,2019-8-2 06:36:30,http://lorempixel.com/400/400/business,Sit ducimus ea maxime ipsam et veritatis veritatis qui delectus.,569,2019-8-13 02:32:09
140,57,3,15,2019-8-11 11:43:05,http://lorempixel.com/400/400/business,Saepe illo tenetur qui aperiam recusandae.,514,
141,40,2,13,2019-8-1 10:24:43,http://lorempixel.com/400/400/business,Non dicta accusantium.,690,2019-9-4 21:03:49
142,34,5,22,2019-8-10 12:22:17,http://lorempixel.com/400/400/business,Dolor voluptatibus architecto odit.,21,2019-8-13 03:51:23
143,23,5,23,2019-8-9 00:00:21,http://lorempixel.com/400/400/business,Ad sint iure eius iure eum.,873,2019-8-25 20:39:17
144,64,2,12,2019-8-4 04:01:37,http://lorempixel.com/400/400/business,Incidunt consequatur doloremque quia sint quisquam enim et.,746,
145,64,2,12,2019-8-6 06:54:27,http://lorempixel.com/400/400/business,Impedit sunt quia blanditiis et magnam eius corrupti.,192,
146,96,4,20,2019-8-13 11:27:57,http://lorempixel.com/400/400/business,Voluptatem cupiditate deleniti voluptatem fugit possimus quasi perspiciatis vero magni.,657,
147,13,5,22,2019-7-28 00:19:55,http://lorempixel.com/400/400/business,Esse est beatae quis.,259,
148,60,5,23,2019-7-25 20:21:10,http://lorempixel.com/400/400/business,Sunt doloremque ut repellendus aut dolor maxime voluptatem.,562,2019-8-22 03:39:03
149,65,3,16,2019-8-3 09:38:13,http://lorempixel.com/400/400/business,Est sunt ipsam voluptas animi alias.,147,2019-9-23 00:06:35
150,44,1,2,2019-8-5 21:45:31,http://lorempixel.com/400/400/business,Eos omnis et rerum recusandae molestiae.,139,2019-9-27 22:26:06
151,27,2,12,2019-8-13 04:45:36,http://lorempixel.com/400/400/business,Sed perferendis voluptas iste sunt voluptatem aut cupiditate iusto expedita.,577,
152,9,4,19,2019-8-1 08:23:21,http://lorempixel.com/400/400/business,Veniam quia molestias cupiditate enim facilis numquam.,559,2019-8-15 16:17:53
153,36,1,1,2019-8-10 04:46:56,http://lorempixel.com/400/400/business,Quo autem occaecati.,595,
154,37,4,18,2019-8-6 03:51:57,http://lorempixel.com/400/400/business,Aspernatur laboriosam dicta doloremque.,263,
155,93,1,5,2019-7-26 23:50:02,http://lorempixel.com/400/400/business,Est sed illum omnis distinctio omnis at tempore odio.,938,
156,21,4,18,2019-8-9 01:35:41,http://lorempixel.com/400/400/business,Dolorum iste qui.,156,
157,34,3,17,2019-8-3 22:53:49,http://lorempixel.com/400/400/business,Consequatur tempore placeat facere.,619,
158,66,2,12,2019-7-31 14:32:43,http://lorempixel.com/400/400/business,Repellendus sit molestiae ullam architecto dicta nam et consequatur.,904,
159,90,3,14,2019-8-9 17:39:59,http://lorempixel.com/400/400/business,Maxime porro sit reiciendis aliquid corrupti odit ea quidem.,670,
160,32,3,17,2019-8-13 11:04:20,http://lorempixel.com/400/400/business,Nihil consequatur vitae et occaecati rerum tenetur optio.,522,2019-9-18 01:38:11
161,51,3,16,2019-7-26 15:12:15,http://lorempixel.com/400/400/business,Qui soluta quos et aspernatur.,579,
162,65,4,18,2019-8-13 21:49:10,http://lorempixel.com/400/400/business,Neque ipsum quis nemo voluptas.,362,
163,74,1,1,2019-7-31 20:21:50,http://lorempixel.com/400/400/business,Quo praesentium laudantium dolores.,248,
164,13,4,21,2019-8-9 08:31:28,http://lorempixel.com/400/400/business,Magnam sed est deserunt illo saepe quam.,890,
165,79,5,23,2019-7-29 21:28:18,http://lorempixel.com/400/400/business,Soluta qui necessitatibus id.,490,2019-9-26 19:56:30
166,90,1,8,2019-7-27 09:34:16,http://lorempixel.com/400/400/business,Accusamus vero molestiae.,88,
167,30,3,14,2019-7-25 03:15:17,http://lorempixel.com/400/400/business,Dolorem ad fugit deserunt dolore quia provident.,155,
168,52,3,17,2019-8-2 20:37:06,http://lorempixel.com/400/400/business,Quia praesentium id.,554,
169,15,2,9,2019-8-6 05:22:29,http://lorempixel.com/400/400/business,Libero cupiditate dolores.,596,
170,39,2,13,2019-8-14 02:05:22,http://lorempixel.com/400/400/business,Sunt minus est aut animi suscipit numquam consectetur.,831,2019-8-24 21:49:17
171,48,3,15,2019-8-5 13:43:47,http://lorempixel.com/400/400/business,Mollitia porro reprehenderit ab ab harum illum sit nisi.,882,
172,42,3,15,2019-8-11 23:35:12,http://lorempixel.com/400/400/business,Animi velit eum maxime eum rerum voluptas fugiat rerum sed.,786,2019-8-15 10:15:28
173,78,1,1,2019-8-4 07:38:46,http://lorempixel.com/400/400/business,Totam ipsam autem et neque ipsum eum ut voluptatem.,896,
174,28,3,17,2019-7-25 23:00:34,http://lorempixel.com/400/400/business,Consectetur aliquam autem molestiae illo.,553,2019-8-6 13:06:12
175,51,5,22,2019-8-13 11:25:46,http://lorempixel.com/400/400/business,Numquam voluptatem odit.,15,2019-9-21 00:25:35
176,88,1,3,2019-8-5 01:50:27,http://lorempixel.com/400/400/business,Non et incidunt unde veritatis.,73,2019-8-11 11:16:43
177,19,1,3,2019-8-8 04:37:19,http://lorempixel.com/400/400/business,Eos voluptatibus ut voluptatem quia.,296,
178,99,3,17,2019-8-14 14:12:07,http://lorempixel.com/400/400/business,Numquam magni quae.,771,2019-9-23 23:54:36
179,95,2,10,2019-8-7 10:25:27,http://lorempixel.com/400/400/business,Voluptas maxime ut.,923,2019-8-30 17:18:09
180,91,4,19,2019-8-13 17:03:46,http://lorempixel.com/400/400/business,Delectus necessitatibus hic est.,530,2019-9-12 16:28:07
181,70,5,22,2019-7-28 08:42:23,http://lorempixel.com/400/400/business,Sit aspernatur voluptatem soluta cum dolores alias quia laudantium quisquam.,413,2019-8-1 07:42:38
182,8,5,22,2019-7-31 06:44:51,http://lorempixel.com/400/400/business,Neque nostrum corrupti iste saepe et quisquam quam quasi.,500,
183,70,4,18,2019-7-30 14:27:58,http://lorempixel.com/400/400/business,In dolorum officiis labore omnis ab.,197,
184,68,3,17,2019-8-7 23:40:27,http://lorempixel.com/400/400/business,Accusamus architecto in dolore totam aut consectetur.,422,2019-8-18 17:48:31
185,47,5,23,2019-8-4 10:19:45,http://lorempixel.com/400/400/business,Dolore sit quidem soluta consectetur quos esse voluptatibus quo.,735,
186,66,1,5,2019-8-5 23:00:02,http://lorempixel.com/400/400/business,Est voluptas ea error sed.,373,
187,81,4,18,2019-7-25 11:15:50,http://lorempixel.com/400/400/business,Aut voluptates ad.,732,
188,21,4,20,2019-8-14 11:37:54,http://lorempixel.com/400/400/business,Ut corrupti nihil omnis ipsam dolor veniam suscipit necessitatibus.,438,
189,88,1,1,2019-8-14 12:18:48,http://lorempixel.com/400/400/business,Aut vel consequatur laboriosam.,820,
190,76,1,8,2019-7-31 17:16:43,http://lorempixel.com/400/400/business,Eius ipsa id quo quaerat totam.,602,2019-9-29 14:09:34
191,40,5,22,2019-8-12 16:42:15,http://lorempixel.com/400/400/business,Mollitia qui aperiam iste sint laudantium at reprehenderit ipsa quo.,392,
192,88,3,16,2019-7-31 11:30:01,http://lorempixel.com/400/400/business,Hic est voluptates qui et cumque.,204,2019-9-10 16:28:56
193,46,3,16,2019-7-27 23:13:55,http://lorempixel.com/400/400/business,Itaque et voluptas consectetur error quod voluptas facilis autem.,590,
194,65,2,9,2019-8-1 18:53:07,http://lorempixel.com/400/400/business,Voluptatum quaerat laborum illum dolores quaerat ut doloribus omnis rerum.,202,
195,64,3,16,2019-8-6 15:24:28,http://lorempixel.com/400/400/business,Dolor ipsam porro praesentium minus sed et sint voluptas nam.,424,
196,69,3,14,2019-8-13 02:44:15,http://lorempixel.com/400/400/business,Ullam facilis delectus.,645,2019-8-28 10:44:58
197,4,3,16,2019-7-30 03:39:36,http://lorempixel.com/400/400/business,Accusantium delectus dolorum ut libero voluptatem vel rerum.,635,
198,86,3,17,2019-8-11 08:41:41,http://lorempixel.com/400/400/business,Sint blanditiis alias quas similique rerum veniam exercitationem.,441,
199,80,4,20,2019-8-10 22:45:00,http://lorempixel.com/400/400/business,Fuga cupiditate reprehenderit et.,152,
200,59,4,18,2019-7-27 19:38:51,http://lorempixel.com/400/400/business,Consequatur corporis quibusdam quae harum odit dignissimos reiciendis ut.,118,
201,84,1,6,2019-8-4 16:49:12,http://lorempixel.com/400/400/business,Tenetur repellat dolor dolor quia a fugiat id vel.,146,2019-8-27 22:23:27
202,45,5,22,2019-8-1 17:44:41,http://lorempixel.com/400/400/business,Odio velit omnis aut aliquid eum numquam saepe consequuntur libero.,441,
203,54,4,18,2019-8-2 07:47:17,http://lorempixel.com/400/400/business,Autem ratione ea quo cumque cupiditate tenetur commodi enim ratione.,199,2019-9-14 03:30:57
204,75,2,11,2019-8-13 08:49:40,http://lorempixel.com/400/400/business,Iste quasi deleniti cum blanditiis quasi autem quos minus.,588,
205,47,2,11,2019-8-4 08:44:16,http://lorempixel.com/400/400/business,Harum veritatis corrupti dolor numquam tenetur.,277,
206,81,4,18,2019-8-11 09:42:29,http://lorempixel.com/400/400/business,Consequuntur explicabo alias soluta earum aut esse id eos.,623,2019-8-27 22:19:56
207,71,1,5,2019-8-11 23:21:33,http://lorempixel.com/400/400/business,Est rem voluptatem corrupti.,565,2019-9-7 06:59:06
208,89,5,23,2019-7-26 20:14:34,http://lorempixel.com/400/400/business,Doloribus est dolor.,387,
209,64,4,19,2019-8-13 01:45:37,http://lorempixel.com/400/400/business,Repellat dolorem et fuga sunt consectetur dignissimos rerum rerum.,900,
210,81,2,10,2019-7-26 16:18:59,http://lorempixel.com/400/400/business,Sed aut non.,276,2019-9-19 18:21:23
211,85,5,23,2019-8-6 02:25:24,http://lorempixel.com/400/400/business,Fuga totam neque fugiat.,495,2019-8-30 03:36:31
212,43,3,15,2019-7-30 05:11:36,http://lorempixel.com/400/400/business,Magnam et consequatur consequuntur quas.,656,2019-8-4 13:32:06
213,8,1,5,2019-8-9 08:30:30,http://lorempixel.com/400/400/business,Voluptatem quis aperiam ipsum.,44,
214,5,2,12,2019-8-6 11:32:11,http://lorempixel.com/400/400/business,Maxime soluta dolores eum.,104,
215,49,2,13,2019-8-3 02:48:52,http://lorempixel.com/400/400/business,Qui debitis eum.,513,2019-9-23 06:31:13
216,91,3,17,2019-7-30 18:03:47,http://lorempixel.com/400/400/business,Maiores sed et aperiam facere quam.,834,
217,8,1,3,2019-7-26 01:48:21,http://lorempixel.com/400/400/business,Iure quasi debitis fugiat asperiores similique dolore cupiditate exercitationem.,245,2019-9-10 04:50:47
218,2,3,14,2019-8-1 07:57:09,http://lorempixel.com/400/400/business,Sit non exercitationem ex harum saepe sunt dolor natus.,945,2019-9-17 20:44:37
219,15,2,10,2019-8-8 13:04:55,http://lorempixel.com/400/400/business,Natus blanditiis ad sunt.,338,2019-8-19 07:07:04
220,79,1,1,2019-8-1 16:19:40,http://lorempixel.com/400/400/business,Aspernatur consequatur quaerat magnam qui et sed.,648,
221,89,3,15,2019-8-13 05:01:52,http://lorempixel.com/400/400/business,Autem sunt asperiores tempore optio ex libero eum ipsam.,244,2019-9-13 05:31:43
222,72,1,2,2019-7-29 03:40:08,http://lorempixel.com/400/400/business,Rerum qui minus officia.,798,
223,42,3,14,2019-7-25 05:07:05,http://lorempixel.com/400/400/business,Iste dolorum qui vitae aliquam quam.,824,
224,45,1,4,2019-7-24 20:17:59,http://lorempixel.com/400/400/business,Sint dicta facere consequatur.,485,
225,85,4,19,2019-8-5 00:42:32,http://lorempixel.com/400/400/business,In dolores animi consequuntur sunt accusantium fugiat.,404,
226,75,3,16,2019-8-3 02:48:19,http://lorempixel.com/400/400/business,Voluptas laudantium accusantium quos sunt illum voluptatem ut.,123,
227,4,5,22,2019-8-9 01:15:54,http://lorempixel.com/400/400/business,In tempora fugit quae sit dolor sit.,133,2019-9-14 04:57:51
228,9,3,15,2019-7-27 00:00:39,http://lorempixel.com/400/400/business,Nesciunt facilis dolores et odit dolorum quisquam amet molestiae aspernatur.,867,
229,33,4,18,2019-8-10 00:14:56,http://lorempixel.com/400/400/business,Tenetur autem ea eveniet qui voluptatibus nulla consequuntur.,356,
230,81,5,22,2019-8-1 19:10:44,http://lorempixel.com/400/400/business,Earum ducimus vitae quod et magnam quod.,35,2019-9-21 09:42:59
231,61,4,20,2019-7-27 14:12:01,http://lorempixel.com/400/400/business,Mollitia totam odit in rerum reiciendis repudiandae quasi.,810,
232,22,2,13,2019-7-31 15:27:08,http://lorempixel.com/400/400/business,Quis ut sit.,703,
233,70,1,1,2019-7-31 09:36:44,http://lorempixel.com/400/400/business,Explicabo ut illo ea reprehenderit fuga.,481,2019-9-10 06:23:37
234,25,5,22,2019-7-26 05:38:42,http://lorempixel.com/400/400/business,Magnam libero sapiente et expedita sint odio doloremque earum.,864,
235,76,2,12,2019-8-2 14:46:45,http://lorempixel.com/400/400/business,Voluptatem numquam et et sequi nihil architecto officiis quisquam sunt.,820,2019-8-20 06:44:13
236,55,2,10,2019-8-13 21:37:13,http://lorempixel.com/400/400/business,Aut accusantium adipisci sed eum dignissimos.,296,2019-9-14 05:11:29
237,93,5,23,2019-8-3 14:08:24,http://lorempixel.com/400/400/business,Ab quis alias tempore tenetur id dolor vel voluptatem distinctio.,238,
238,89,4,21,2019-7-26 15:56:43,http://lorempixel.com/400/400/business,Fugit enim ipsam odit.,763,
239,34,3,15,2019-8-1 06:43:39,http://lorempixel.com/400/400/business,Et veniam qui maxime.,657,2019-8-18 21:30:16
240,96,5,23,2019-8-7 01:30:47,http://lorempixel.com/400/400/business,Et officia vero aut nihil consequatur et aut deleniti.,920,2019-9-7 19:23:56
241,1,3,14,2019-7-27 21:37:33,http://lorempixel.com/400/400/business,Modi sunt doloribus eos a nam.,325,
242,80,4,19,2019-8-9 14:24:37,http://lorempixel.com/400/400/business,Porro architecto natus quaerat et sunt ut cum quis.,789,2019-9-7 17:07:51
243,34,1,5,2019-8-1 06:24:12,http://lorempixel.com/400/400/business,Odit quidem quos adipisci at architecto.,705,2019-9-3 02:39:52
244,63,1,8,2019-8-6 22:12:01,http://lorempixel.com/400/400/business,Minus necessitatibus id autem autem.,549,
245,74,2,11,2019-8-3 18:06:30,http://lorempixel.com/400/400/business,Aut illum ut voluptas dignissimos autem quis ea velit totam.,573,
246,81,1,1,2019-8-1 02:55:02,http://lorempixel.com/400/400/business,Aut facilis praesentium ipsa assumenda eum vel quia.,95,
247,59,1,3,2019-8-9 21:59:55,http://lorempixel.com/400/400/business,Ipsa magni sit sed id pariatur mollitia quia nesciunt.,785,
248,88,4,18,2019-7-31 22:35:10,http://lorempixel.com/400/400/business,Ducimus nobis in ut saepe mollitia molestiae.,231,
249,62,2,11,2019-8-13 20:49:32,http://lorempixel.com/400/400/business,Quasi temporibus sint sunt debitis enim mollitia.,47,2019-8-17 03:18:26
250,13,3,14,2019-8-14 15:46:13,http://lorempixel.com/400/400/business,Architecto ea iusto enim placeat repellendus quo itaque ratione velit.,25,2019-9-27 21:33:14
251,36,1,3,2019-8-2 16:01:24,http://lorempixel.com/400/400/business,Est sed neque.,698,
252,22,4,18,2019-8-2 03:06:28,http://lorempixel.com/400/400/business,Tempore et voluptatibus commodi dolor unde rerum corrupti aut inventore.,209,2019-8-15 06:25:22
253,4,5,22,2019-8-11 17:53:45,http://lorempixel.com/400/400/business,Dolores deserunt ad.,360,2019-9-6 00:55:10
254,81,5,22,2019-8-13 16:18:25,http://lorempixel.com/400/400/business,Voluptas molestiae perferendis laudantium.,903,2019-9-14 01:35:06
255,37,3,16,2019-8-14 08:52:52,http://lorempixel.com/400/400/business,Aut velit facere quae non consequatur expedita.,763,
256,35,5,22,2019-8-13 08:53:06,http://lorempixel.com/400/400/business,Occaecati debitis incidunt.,258,2019-9-11 04:50:09
257,50,2,12,2019-8-8 20:10:41,http://lorempixel.com/400/400/business,Temporibus deserunt nihil assumenda.,83,
258,4,3,16,2019-7-28 13:16:23,http://lorempixel.com/400/400/business,Tempore repudiandae officia placeat impedit sint.,627,2019-9-4 21:11:21
259,48,5,23,2019-8-12 10:08:45,http://lorempixel.com/400/400/business,Enim dolorem beatae et et.,794,
260,98,1,2,2019-7-24 19:01:02,http://lorempixel.com/400/400/business,Nesciunt eveniet iste quaerat at atque id blanditiis non modi.,855,2019-9-29 17:28:28
261,74,3,16,2019-8-6 21:59:44,http://lorempixel.com/400/400/business,Asperiores sit nihil quia autem iste iure qui debitis rerum.,783,2019-8-13 08:53:42
262,21,1,2,2019-8-1 05:30:14,http://lorempixel.com/400/400/business,Mollitia ducimus reiciendis.,74,
263,97,1,6,2019-8-11 03:39:34,http://lorempixel.com/400/400/business,Expedita mollitia in eveniet.,826,
264,2,3,15,2019-8-12 23:47:23,http://lorempixel.com/400/400/business,Quidem dolores neque ea minima est sit illo.,774,
265,72,1,7,2019-8-7 19:43:43,http://lorempixel.com/400/400/business,Aspernatur beatae ipsa aspernatur voluptatem nihil.,490,
266,51,2,10,2019-7-26 07:48:33,http://lorempixel.com/400/400/business,Placeat sunt vel impedit consequatur ut.,180,
267,24,4,19,2019-8-12 07:54:13,http://lorempixel.com/400/400/business,Aut deserunt molestiae cum sit.,306,
268,25,4,20,2019-7-27 08:55:53,http://lorempixel.com/400/400/business,Est nulla totam deserunt.,507,
269,4,4,18,2019-7-27 14:11:41,http://lorempixel.com/400/400/business,Et omnis qui natus vel nesciunt veniam aut.,850,
270,23,1,3,2019-8-4 17:43:33,http://lorempixel.com/400/400/business,Qui rem dolorem quaerat autem veniam voluptas.,126,2019-8-8 08:33:48
271,51,5,23,2019-8-4 04:26:04,http://lorempixel.com/400/400/business,Non vel quisquam.,28,2019-8-31 13:23:50
272,51,2,10,2019-8-7 09:53:51,http://lorempixel.com/400/400/business,Placeat numquam quidem eos consequatur eos perferendis.,946,
273,43,5,22,2019-8-8 08:02:42,http://lorempixel.com/400/400/business,Officiis omnis id earum dignissimos et iusto.,551,
274,10,4,21,2019-8-13 20:16:42,http://lorempixel.com/400/400/business,Consequatur magni impedit sit magni maxime veritatis quia.,510,
275,69,3,16,2019-8-3 14:02:03,http://lorempixel.com/400/400/business,Rerum natus autem vel dicta.,699,
276,46,1,1,2019-7-28 16:30:59,http://lorempixel.com/400/400/business,Quaerat quos quia nobis eum dolorum temporibus distinctio aut.,601,
277,99,1,4,2019-7-30 20:32:07,http://lorempixel.com/400/400/business,Et dolorem aut et qui eaque.,609,2019-8-30 20:39:30
278,80,1,1,2019-8-3 16:40:04,http://lorempixel.com/400/400/business,Accusantium possimus voluptas.,170,2019-9-4 20:28:22
279,96,1,4,2019-8-13 04:29:30,http://lorempixel.com/400/400/business,Qui eligendi doloremque temporibus omnis ut ratione.,406,
280,68,3,16,2019-8-7 07:19:51,http://lorempixel.com/400/400/business,Reprehenderit sed vero inventore et quia iure vitae cupiditate.,22,2019-9-1 00:02:46
281,24,2,9,2019-8-8 07:43:33,http://lorempixel.com/400/400/business,Recusandae et minus.,16,
282,11,1,7,2019-7-28 01:04:44,http://lorempixel.com/400/400/business,Repudiandae similique non necessitatibus omnis.,674,2019-8-16 22:05:27
283,82,1,7,2019-7-27 03:54:43,http://lorempixel.com/400/400/business,Esse deleniti consequatur aut optio similique ad.,948,2019-9-15 11:53:10
284,2,5,22,2019-8-3 10:41:07,http://lorempixel.com/400/400/business,Occaecati qui quisquam dolor.,534,
285,96,2,13,2019-8-13 23:43:05,http://lorempixel.com/400/400/business,Itaque doloremque quasi illum nihil dolore.,861,2019-9-22 17:41:19
286,98,1,3,2019-8-7 11:01:42,http://lorempixel.com/400/400/business,Possimus dicta vel cupiditate quo dolore aliquid.,203,
287,32,4,19,2019-8-10 12:19:49,http://lorempixel.com/400/400/business,Ullam vel dolorum veritatis aliquam et.,794,2019-8-16 00:19:40
288,95,3,16,2019-8-1 05:10:48,http://lorempixel.com/400/400/business,Inventore iste aut enim quis.,375,2019-8-4 07:11:09
289,10,1,5,2019-8-12 02:17:53,http://lorempixel.com/400/400/business,Voluptatem amet optio molestias nostrum voluptatem repudiandae qui ad ea.,378,2019-9-27 16:19:18
290,33,4,18,2019-8-1 15:47:14,http://lorempixel.com/400/400/business,Dolores impedit sunt dolor mollitia consectetur maiores voluptate.,978,2019-8-31 18:59:06
291,72,2,12,2019-8-12 05:28:27,http://lorempixel.com/400/400/business,Distinctio ea et.,597,
292,14,1,8,2019-8-10 05:43:44,http://lorempixel.com/400/400/business,Eum in sed aut animi fugit et.,935,
293,97,1,3,2019-8-3 02:23:13,http://lorempixel.com/400/400/business,Eos saepe sequi quae ullam expedita a illo aut.,345,
294,35,3,14,2019-8-2 12:43:50,http://lorempixel.com/400/400/business,Debitis ab et similique voluptas dolorem numquam.,475,
295,45,4,19,2019-8-11 10:45:31,http://lorempixel.com/400/400/business,Aspernatur qui repudiandae doloribus commodi magnam et consequatur in doloribus.,328,2019-9-21 04:18:12
296,74,4,19,2019-8-5 10:06:29,http://lorempixel.com/400/400/business,At aspernatur enim consequatur.,216,
297,39,3,17,2019-8-6 23:44:42,http://lorempixel.com/400/400/business,Blanditiis voluptatem voluptatem.,395,2019-9-15 13:04:14
298,2,1,8,2019-8-5 11:21:50,http://lorempixel.com/400/400/business,Quia necessitatibus similique non ut necessitatibus qui iste nemo provident.,755,
299,91,4,20,2019-7-29 01:36:08,http://lorempixel.com/400/400/business,Ipsa modi voluptas ea ipsa pariatur rem.,474,
300,93,3,16,2019-7-26 08:00:24,http://lorempixel.com/400/400/business,Eum magnam consectetur voluptatem voluptate ducimus quibusdam.,73,
301,58,4,19,2019-8-7 19:30:51,http://lorempixel.com/400/400/business,Ducimus et est dolorem quaerat itaque delectus.,124,
302,47,2,10,2019-7-28 09:58:11,http://lorempixel.com/400/400/business,Quos sunt est facere exercitationem itaque voluptatum ipsam tempore.,879,2019-8-10 09:03:54
303,68,2,13,2019-8-6 09:11:36,http://lorempixel.com/400/400/business,Nulla molestiae id nesciunt maiores nihil minus aliquam doloribus recusandae.,753,2019-9-14 15:10:13
304,88,1,3,2019-8-4 21:47:44,http://lorempixel.com/400/400/business,Repellendus quam quis voluptas adipisci modi vel fuga.,555,
305,29,5,22,2019-8-5 21:56:32,http://lorempixel.com/400/400/business,Non iste quod.,291,
306,9,4,21,2019-7-27 03:43:55,http://lorempixel.com/400/400/business,Voluptas dignissimos unde perferendis nesciunt ad rerum dolorum consequatur aut.,507,
307,100,1,7,2019-7-25 18:38:23,http://lorempixel.com/400/400/business,Temporibus aspernatur animi id et a quia nesciunt molestias rem.,140,2019-8-19 23:21:47
308,7,2,10,2019-8-11 00:28:37,http://lorempixel.com/400/400/business,Et quam doloribus ea at earum commodi qui omnis.,271,
309,64,5,23,2019-8-5 17:48:48,http://lorempixel.com/400/400/business,Fugiat quaerat velit omnis necessitatibus illum libero qui quasi.,425,
310,40,4,19,2019-7-27 19:38:09,http://lorempixel.com/400/400/business,Fugiat vero adipisci facere omnis numquam ea ut autem.,816,2019-9-18 07:11:26
311,83,2,11,2019-8-6 06:33:04,http://lorempixel.com/400/400/business,Sed quidem animi eveniet et ex dolor.,364,2019-8-17 05:46:27
312,31,4,20,2019-8-14 00:54:27,http://lorempixel.com/400/400/business,Temporibus et laborum recusandae ipsa aliquam et.,753,
313,79,1,3,2019-8-1 17:13:56,http://lorempixel.com/400/400/business,Aliquid facere eligendi tempora aspernatur molestiae aspernatur laborum.,957,
314,25,3,14,2019-8-10 11:16:17,http://lorempixel.com/400/400/business,Omnis occaecati labore eligendi repellat aut.,209,2019-9-19 07:02:16
315,61,5,23,2019-7-28 02:31:28,http://lorempixel.com/400/400/business,Consequatur quo et cumque omnis vero possimus exercitationem delectus.,776,2019-9-26 08:20:29
316,14,4,21,2019-7-31 03:31:10,http://lorempixel.com/400/400/business,Ipsam et ex laudantium fugiat error ipsam et.,405,
317,24,1,1,2019-8-13 08:11:17,http://lorempixel.com/400/400/business,Quidem tenetur rerum reprehenderit quia pariatur.,990,
318,88,1,8,2019-8-11 17:13:35,http://lorempixel.com/400/400/business,Aspernatur voluptates quaerat in.,794,2019-8-26 19:52:59
319,39,1,3,2019-8-4 10:09:12,http://lorempixel.com/400/400/business,Est velit beatae consequatur rerum esse sit est.,4,
320,75,2,12,2019-7-31 06:23:56,http://lorempixel.com/400/400/business,Libero quod iusto corporis eum est velit.,25,2019-9-8 01:10:05
321,46,3,15,2019-7-30 19:31:01,http://lorempixel.com/400/400/business,Quo officiis velit repudiandae quia cupiditate voluptas est voluptatem.,770,
322,47,2,10,2019-8-2 12:22:43,http://lorempixel.com/400/400/business,Autem tempora nam.,507,2019-8-8 12:14:11
323,60,3,15,2019-8-14 15:38:49,http://lorempixel.com/400/400/business,Eum sed et sed velit quia nihil adipisci eum voluptatem.,473,
324,88,3,16,2019-8-11 12:32:02,http://lorempixel.com/400/400/business,Dolore aut tempora laudantium mollitia.,171,
325,97,1,4,2019-8-2 13:48:43,http://lorempixel.com/400/400/business,Exercitationem animi commodi iste porro occaecati.,56,2019-9-19 13:33:11
326,49,1,4,2019-8-3 20:53:47,http://lorempixel.com/400/400/business,Atque dolor est natus facere et.,939,
327,38,1,3,2019-8-7 15:44:57,http://lorempixel.com/400/400/business,Quos deleniti quo.,873,2019-9-28 07:44:14
328,34,2,9,2019-7-27 12:32:30,http://lorempixel.com/400/400/business,Error ratione odit dolorem quis magnam cupiditate odio corrupti est.,281,2019-9-3 03:43:54
329,74,2,12,2019-8-6 21:48:29,http://lorempixel.com/400/400/business,Exercitationem placeat eius.,569,
330,55,1,6,2019-8-9 10:20:57,http://lorempixel.com/400/400/business,In iusto voluptatem fugiat quos vero aliquam.,905,2019-9-27 10:10:49
331,15,5,22,2019-8-12 13:49:17,http://lorempixel.com/400/400/business,Quos nobis quo.,684,2019-9-18 09:20:26
332,17,3,16,2019-8-1 14:50:44,http://lorempixel.com/400/400/business,Laboriosam ut minima sequi sapiente dolorem saepe.,77,
333,45,3,14,2019-8-5 04:16:20,http://lorempixel.com/400/400/business,Consequuntur et dolorum porro et.,443,
334,92,1,6,2019-8-6 01:40:23,http://lorempixel.com/400/400/business,Eius impedit quidem excepturi quo tenetur.,996,
335,8,1,4,2019-7-31 08:13:16,http://lorempixel.com/400/400/business,Illo inventore recusandae.,681,
336,99,1,4,2019-8-11 14:04:48,http://lorempixel.com/400/400/business,Porro laudantium numquam.,875,2019-9-7 12:36:34
337,81,3,17,2019-7-29 05:11:56,http://lorempixel.com/400/400/business,Dolorum amet vero expedita quaerat maxime qui qui et.,271,
338,34,5,22,2019-7-30 13:12:01,http://lorempixel.com/400/400/business,Sit pariatur est.,91,2019-8-20 19:27:04
339,51,1,7,2019-8-8 17:11:07,http://lorempixel.com/400/400/business,Facilis commodi ab id doloribus distinctio voluptatem cumque ut nihil.,154,
340,81,4,18,2019-7-24 21:38:23,http://lorempixel.com/400/400/business,Iure nemo voluptatem nisi ut non rerum neque.,269,
341,50,4,18,2019-7-31 14:21:16,http://lorempixel.com/400/400/business,Exercitationem voluptas eveniet et illum harum blanditiis illum est magnam.,900,2019-8-21 05:40:54
342,2,4,18,2019-8-5 10:45:40,http://lorempixel.com/400/400/business,Ea ea sed et modi.,727,2019-8-24 16:18:40
343,33,5,22,2019-7-26 18:34:32,http://lorempixel.com/400/400/business,Consequatur quas sint vel voluptatem eum.,492,2019-8-12 04:23:15
344,13,2,13,2019-7-30 09:50:40,http://lorempixel.com/400/400/business,Quos nesciunt molestias nostrum et voluptatum minus deserunt nihil voluptatem.,332,2019-8-18 15:30:36
345,31,5,22,2019-8-3 19:46:21,http://lorempixel.com/400/400/business,Dolores incidunt voluptatem ex ut est minus dolor.,264,2019-9-9 21:27:15
346,31,1,4,2019-7-30 04:38:45,http://lorempixel.com/400/400/business,Quo rerum accusantium a ipsam corporis sit atque illum ut.,856,2019-8-12 01:54:04
347,62,4,21,2019-7-30 09:42:39,http://lorempixel.com/400/400/business,Eum nisi est.,87,2019-9-18 21:44:34
348,7,2,12,2019-7-27 01:20:01,http://lorempixel.com/400/400/business,Aut veritatis quos quasi qui mollitia a omnis.,327,
349,47,3,16,2019-8-1 15:20:17,http://lorempixel.com/400/400/business,Assumenda neque consequatur.,474,
350,77,4,20,2019-8-13 04:05:11,http://lorempixel.com/400/400/business,Sequi vitae rerum est similique.,59,
351,43,3,15,2019-8-12 23:21:43,http://lorempixel.com/400/400/business,Assumenda culpa non dolorem autem nulla expedita fugit sit.,107,
352,3,5,23,2019-8-5 20:22:37,http://lorempixel.com/400/400/business,Provident non quia rerum dignissimos.,308,2019-9-5 20:10:46
353,90,4,21,2019-7-30 00:50:21,http://lorempixel.com/400/400/business,Nemo dolor impedit amet necessitatibus assumenda.,212,2019-9-9 00:40:50
354,75,2,13,2019-7-29 04:04:07,http://lorempixel.com/400/400/business,Iste totam expedita facere reprehenderit.,791,
355,18,5,22,2019-7-26 15:04:25,http://lorempixel.com/400/400/business,Aut aut quis veritatis exercitationem atque facere.,183,2019-8-26 11:26:36
356,59,2,13,2019-8-1 03:40:53,http://lorempixel.com/400/400/business,Vero amet expedita sunt quam omnis rerum.,292,2019-8-25 13:46:52
357,18,2,12,2019-8-14 06:07:45,http://lorempixel.com/400/400/business,Nihil itaque corporis ad debitis.,442,
358,72,5,22,2019-8-6 04:45:47,http://lorempixel.com/400/400/business,Sit nulla amet quibusdam enim.,57,
359,78,2,9,2019-8-7 16:26:42,http://lorempixel.com/400/400/business,Aut quia voluptatem.,810,2019-9-27 19:42:09
360,36,1,7,2019-7-26 19:07:19,http://lorempixel.com/400/400/business,Voluptatibus fugit nulla iste in.,218,2019-9-16 06:53:19
361,67,2,11,2019-7-31 00:09:48,http://lorempixel.com/400/400/business,Nobis vel debitis aliquam id labore vitae aliquid.,931,
362,5,3,14,2019-8-11 22:01:03,http://lorempixel.com/400/400/business,Et quaerat minus distinctio.,178,2019-9-21 09:17:07
363,77,5,23,2019-8-5 16:57:11,http://lorempixel.com/400/400/business,Sed maiores iusto.,466,
364,38,5,22,2019-8-8 00:20:41,http://lorempixel.com/400/400/business,Omnis ut minima pariatur.,445,
365,57,2,10,2019-7-26 11:41:28,http://lorempixel.com/400/400/business,Exercitationem dolore quia a eligendi repellat cupiditate ea voluptates velit.,805,2019-9-28 00:07:12
366,93,5,23,2019-8-8 03:20:55,http://lorempixel.com/400/400/business,Est aperiam ipsum dolor iste qui cum.,913,2019-8-21 18:49:38
367,20,5,22,2019-8-10 07:55:13,http://lorempixel.com/400/400/business,Voluptas occaecati voluptatem sint et rem dolor quia excepturi.,8,
368,18,2,11,2019-8-11 07:24:54,http://lorempixel.com/400/400/business,Pariatur provident sunt et magni qui quam sint.,703,
369,23,2,13,2019-8-8 06:44:07,http://lorempixel.com/400/400/business,Voluptatem atque quia cum fugit.,989,2019-8-21 07:27:11
370,88,3,14,2019-7-27 19:07:06,http://lorempixel.com/400/400/business,Odio totam enim consequatur doloremque deserunt sit ab omnis fugit.,14,
371,92,4,19,2019-7-29 08:07:27,http://lorempixel.com/400/400/business,Molestias repellat accusantium in ut et et quia perspiciatis.,14,2019-8-18 22:26:15
372,78,4,19,2019-8-7 02:24:51,http://lorempixel.com/400/400/business,Occaecati blanditiis quasi architecto sit laboriosam dolorum repellat.,940,
373,64,1,8,2019-8-4 12:35:21,http://lorempixel.com/400/400/business,Corrupti dolores et alias.,62,2019-8-30 17:36:05
374,51,4,21,2019-8-1 03:37:42,http://lorempixel.com/400/400/business,Possimus ab dolor quas sapiente libero sint delectus.,909,2019-8-7 23:33:03
375,66,3,14,2019-7-25 04:08:19,http://lorempixel.com/400/400/business,Hic rerum rerum consequatur.,658,2019-8-22 01:56:09
376,88,4,18,2019-8-6 06:40:09,http://lorempixel.com/400/400/business,Natus fuga nemo repudiandae quos quidem corporis eos et tenetur.,531,
377,45,4,18,2019-8-9 08:12:34,http://lorempixel.com/400/400/business,Aperiam excepturi dolore.,676,2019-9-7 12:49:12
378,41,4,21,2019-8-8 18:20:09,http://lorempixel.com/400/400/business,Expedita ea optio voluptas et explicabo.,262,
379,29,2,13,2019-7-27 22:04:11,http://lorempixel.com/400/400/business,Voluptatem occaecati pariatur sequi fuga dolorem sequi tempora.,10,2019-8-4 16:48:55
380,35,4,20,2019-8-2 06:54:40,http://lorempixel.com/400/400/business,Repellendus incidunt numquam odio ex unde.,640,2019-8-21 17:52:42
381,86,5,22,2019-8-14 05:06:08,http://lorempixel.com/400/400/business,Consequatur qui dolorem unde.,58,
382,95,2,11,2019-8-7 06:03:47,http://lorempixel.com/400/400/business,Qui assumenda consectetur aliquam.,308,
383,39,2,12,2019-7-29 03:17:55,http://lorempixel.com/400/400/business,Nobis eligendi eaque odio et.,948,2019-9-10 12:51:18
384,14,3,15,2019-8-7 00:24:14,http://lorempixel.com/400/400/business,Sed quo repudiandae.,214,2019-8-18 14:55:42
385,27,3,14,2019-8-4 13:51:00,http://lorempixel.com/400/400/business,Non in et quam voluptatem earum quia reiciendis.,923,2019-9-18 07:39:00
386,38,2,9,2019-8-9 00:16:13,http://lorempixel.com/400/400/business,Nihil sed quo facilis quasi quaerat reprehenderit eveniet.,134,2019-8-16 11:37:23
387,5,2,9,2019-8-8 17:15:25,http://lorempixel.com/400/400/business,Et et quae necessitatibus debitis est voluptate dolorem corrupti sint.,295,2019-8-18 11:16:22
388,46,3,14,2019-8-13 06:31:06,http://lorempixel.com/400/400/business,Ut ea quis fugiat non.,181,2019-8-15 06:34:43
389,30,3,17,2019-7-30 02:32:18,http://lorempixel.com/400/400/business,Praesentium aut quidem molestias doloremque eum.,31,2019-9-10 03:02:30
390,30,3,16,2019-8-13 01:40:17,http://lorempixel.com/400/400/business,Voluptatibus rem et voluptatem eos accusamus.,574,2019-9-1 15:52:29
391,3,2,10,2019-7-26 06:10:25,http://lorempixel.com/400/400/business,Dolores aut consequatur voluptatem et saepe et autem autem.,673,2019-8-31 05:23:51
392,66,4,21,2019-7-26 20:07:41,http://lorempixel.com/400/400/business,Temporibus dolor in.,737,2019-7-29 03:22:01
393,28,4,18,2019-8-1 19:42:26,http://lorempixel.com/400/400/business,Officiis veniam facere porro voluptatem animi qui officiis ut.,512,
394,33,4,19,2019-8-6 02:35:55,http://lorempixel.com/400/400/business,Porro quis fugiat voluptatem dolore ut rerum rerum assumenda.,633,
395,54,1,3,2019-7-26 13:36:26,http://lorempixel.com/400/400/business,Fugit quos dolorem.,988,2019-8-28 00:48:32
396,27,5,22,2019-7-31 19:33:46,http://lorempixel.com/400/400/business,Voluptatem inventore voluptate voluptatem commodi.,271,
397,81,5,22,2019-8-6 12:41:39,http://lorempixel.com/400/400/business,Harum dicta quo nulla exercitationem sunt in nesciunt.,175,
398,30,4,18,2019-7-27 11:37:24,http://lorempixel.com/400/400/business,Omnis odio laboriosam facere et placeat illo eius est.,828,
399,44,5,22,2019-8-7 20:22:20,http://lorempixel.com/400/400/business,Quia maxime neque sunt.,734,2019-8-22 12:00:39
400,83,4,21,2019-7-29 15:06:32,http://lorempixel.com/400/400/business,Temporibus omnis autem.,473,
401,6,2,10,2019-8-11 14:19:08,http://lorempixel.com/400/400/business,Architecto voluptas odio repellendus sit eveniet nihil.,250,2019-8-15 01:15:18
402,46,1,8,2019-7-25 10:57:52,http://lorempixel.com/400/400/business,Ea sed enim nostrum laborum sit ut recusandae.,662,2019-9-2 01:17:25
403,92,5,22,2019-8-12 09:05:28,http://lorempixel.com/400/400/business,Tempora atque omnis quia fugit molestiae deleniti quia et non.,837,
404,34,1,1,2019-8-7 03:19:34,http://lorempixel.com/400/400/business,Id dicta sit eos repudiandae consectetur rerum.,749,
405,14,1,1,2019-8-13 14:22:19,http://lorempixel.com/400/400/business,Sed autem delectus enim.,834,2019-8-22 11:03:39
406,69,4,20,2019-7-29 16:40:37,http://lorempixel.com/400/400/business,Distinctio autem deserunt ut.,841,2019-9-17 17:13:49
407,5,4,21,2019-8-8 16:25:38,http://lorempixel.com/400/400/business,Facere odio non omnis deleniti fuga et quas fugiat quia.,538,2019-8-16 02:38:54
408,96,2,11,2019-8-11 10:45:54,http://lorempixel.com/400/400/business,Illo perferendis est omnis dicta non dolor quia.,53,
409,67,4,21,2019-8-1 08:09:33,http://lorempixel.com/400/400/business,Reiciendis culpa voluptate sint enim officia.,890,
410,99,3,16,2019-8-11 01:53:47,http://lorempixel.com/400/400/business,A reiciendis nam quia cumque qui.,863,2019-9-28 21:30:06
411,20,4,19,2019-8-5 06:56:55,http://lorempixel.com/400/400/business,Placeat quibusdam minus tempore.,599,
412,52,5,22,2019-8-11 10:27:12,http://lorempixel.com/400/400/business,Ratione voluptas dolor nesciunt tenetur exercitationem explicabo minima.,424,
413,51,3,15,2019-8-3 06:10:25,http://lorempixel.com/400/400/business,Quaerat aut non est.,401,
414,43,2,13,2019-8-5 17:34:42,http://lorempixel.com/400/400/business,Possimus totam qui ea similique illum distinctio.,429,
415,59,3,16,2019-7-30 04:05:28,http://lorempixel.com/400/400/business,Cum saepe officia tenetur reiciendis odit consectetur culpa modi omnis.,162,
416,22,1,3,2019-7-31 14:00:55,http://lorempixel.com/400/400/business,Molestias quidem aut dicta ipsam voluptatem sed.,289,2019-9-5 02:57:21
417,38,5,22,2019-8-11 17:45:18,http://lorempixel.com/400/400/business,Dolorum fugit voluptatem neque iusto itaque.,871,
418,38,1,4,2019-8-12 06:46:38,http://lorempixel.com/400/400/business,Sed voluptates rem quia impedit in labore voluptatem laudantium nihil.,288,
419,92,2,12,2019-8-7 01:31:37,http://lorempixel.com/400/400/business,Rerum eum illum.,584,2019-9-4 03:49:25
420,71,4,19,2019-7-30 07:33:53,http://lorempixel.com/400/400/business,Autem fugit ipsam eum quos.,325,
421,22,3,14,2019-8-6 13:46:48,http://lorempixel.com/400/400/business,Consequuntur nulla nihil porro dignissimos dolore nesciunt inventore sapiente.,425,
422,19,2,10,2019-8-8 03:02:26,http://lorempixel.com/400/400/business,Vel perspiciatis consequatur asperiores impedit.,572,2019-8-12 17:17:15
423,78,1,1,2019-8-14 11:52:51,http://lorempixel.com/400/400/business,Minima aliquam aut debitis vel.,940,2019-9-10 04:04:50
424,4,3,16,2019-8-8 19:27:40,http://lorempixel.com/400/400/business,Suscipit explicabo impedit.,323,
425,93,5,23,2019-7-31 01:44:42,http://lorempixel.com/400/400/business,Soluta id placeat.,406,2019-9-7 19:43:33
426,81,1,1,2019-8-5 14:08:38,http://lorempixel.com/400/400/business,Tempora adipisci quae excepturi mollitia velit vel suscipit.,813,
427,29,1,7,2019-8-9 09:33:05,http://lorempixel.com/400/400/business,Magni quia et blanditiis dolore et in.,635,2019-9-20 19:01:22
428,92,5,23,2019-8-8 16:52:22,http://lorempixel.com/400/400/business,Voluptatem cumque nihil aut.,881,2019-9-5 08:32:57
429,76,4,21,2019-8-7 19:07:49,http://lorempixel.com/400/400/business,Debitis temporibus veritatis.,488,
430,55,3,16,2019-7-30 04:06:08,http://lorempixel.com/400/400/business,Provident iusto cupiditate beatae ab et est.,282,2019-9-2 03:25:45
431,86,3,14,2019-8-10 07:03:02,http://lorempixel.com/400/400/business,Animi quam ducimus qui temporibus.,217,
432,63,3,17,2019-8-10 00:48:30,http://lorempixel.com/400/400/business,Quo ut soluta beatae iusto sint nostrum.,663,
433,59,4,20,2019-8-13 19:46:59,http://lorempixel.com/400/400/business,Nam ea iure accusamus saepe laudantium recusandae inventore nemo dolores.,430,2019-9-27 16:49:12
434,17,1,7,2019-7-31 19:44:17,http://lorempixel.com/400/400/business,Velit aut asperiores architecto quia veniam minus.,883,
435,98,1,3,2019-8-6 20:03:33,http://lorempixel.com/400/400/business,Atque quod qui nisi et doloribus.,455,
436,47,5,22,2019-8-11 05:23:08,http://lorempixel.com/400/400/business,Explicabo et et ipsum impedit ipsum sit ex consequatur temporibus.,517,2019-9-12 13:33:19
437,8,1,6,2019-7-26 17:07:07,http://lorempixel.com/400/400/business,Voluptatem et neque nostrum.,404,2019-9-13 03:52:58
438,31,5,23,2019-8-10 06:52:16,http://lorempixel.com/400/400/business,Aut numquam eveniet eaque impedit omnis officiis rerum vitae.,422,
439,61,3,14,2019-7-28 09:57:55,http://lorempixel.com/400/400/business,Et voluptas qui quia ut quibusdam doloribus ipsam minus.,954,2019-9-12 12:15:58
440,16,3,15,2019-7-28 05:36:06,http://lorempixel.com/400/400/business,Ut aut provident delectus et.,504,
441,26,3,15,2019-7-26 08:36:23,http://lorempixel.com/400/400/business,Ex odio laudantium.,783,
442,18,3,14,2019-8-1 12:24:36,http://lorempixel.com/400/400/business,Facilis ipsa vero.,946,2019-9-22 12:29:53
443,73,2,13,2019-7-31 00:20:19,http://lorempixel.com/400/400/business,Cupiditate assumenda neque dolores delectus.,261,
444,94,1,8,2019-8-7 15:21:22,http://lorempixel.com/400/400/business,Aut tenetur omnis illum.,30,
445,99,5,23,2019-8-2 12:02:46,http://lorempixel.com/400/400/business,Nobis harum eveniet alias quia quod.,432,2019-9-4 03:39:51
446,90,4,18,2019-8-5 14:51:02,http://lorempixel.com/400/400/business,Quas quod asperiores sit fugiat magni itaque ea.,391,
447,73,3,15,2019-7-27 15:43:29,http://lorempixel.com/400/400/business,Ducimus explicabo est vitae nam enim quisquam ad.,475,
448,27,5,22,2019-8-10 06:06:46,http://lorempixel.com/400/400/business,In molestias modi quam.,352,
449,63,4,21,2019-8-5 04:51:08,http://lorempixel.com/400/400/business,Eos consectetur sunt tempore sit ut rerum est temporibus consequatur.,548,
450,31,2,11,2019-8-1 06:18:54,http://lorempixel.com/400/400/business,Velit velit corporis nesciunt eligendi non aut.,328,2019-9-12 14:15:40
451,79,4,18,2019-8-13 06:20:05,http://lorempixel.com/400/400/business,Dolor quae molestiae nulla.,322,
452,92,5,22,2019-8-2 09:42:41,http://lorempixel.com/400/400/business,Rem praesentium et omnis aut et.,982,2019-8-23 19:05:35
453,81,3,15,2019-7-25 22:25:18,http://lorempixel.com/400/400/business,Laborum iure eos.,63,2019-9-20 17:25:00
454,73,4,20,2019-7-29 06:33:04,http://lorempixel.com/400/400/business,Deleniti ullam sint quisquam illum sit molestiae consectetur aperiam.,303,
455,88,4,21,2019-8-9 12:05:57,http://lorempixel.com/400/400/business,Autem temporibus ipsam nesciunt occaecati.,8,
456,49,1,5,2019-7-31 01:21:44,http://lorempixel.com/400/400/business,Est ut voluptates natus quia.,247,2019-8-10 08:28:37
457,46,4,21,2019-7-25 21:18:01,http://lorempixel.com/400/400/business,Maiores iste sunt dolore est reprehenderit.,146,2019-7-29 12:23:06
458,53,5,22,2019-8-11 16:32:19,http://lorempixel.com/400/400/business,Veritatis voluptas fugit omnis dolorem aut natus ut.,323,2019-9-2 19:13:53
459,39,2,10,2019-8-8 13:57:24,http://lorempixel.com/400/400/business,Quisquam aut suscipit velit atque quis maxime eum veritatis debitis.,250,
460,34,5,23,2019-8-14 14:17:54,http://lorempixel.com/400/400/business,Est neque commodi perferendis ut itaque et in.,196,
461,26,4,18,2019-7-27 09:09:32,http://lorempixel.com/400/400/business,Libero dolorum molestias maiores voluptatem minima rerum voluptatem dolorem.,422,2019-8-14 17:13:12
462,66,5,22,2019-8-10 12:49:08,http://lorempixel.com/400/400/business,Vitae qui consequatur.,911,
463,71,5,22,2019-8-5 03:08:02,http://lorempixel.com/400/400/business,Consequatur commodi aspernatur.,721,
464,15,5,22,2019-7-25 21:24:30,http://lorempixel.com/400/400/business,Minima error sunt excepturi vitae dignissimos quis tempore reprehenderit quisquam.,94,2019-8-16 01:23:34
465,71,5,23,2019-8-11 21:59:13,http://lorempixel.com/400/400/business,Non alias et.,316,
466,73,4,20,2019-8-11 16:46:23,http://lorempixel.com/400/400/business,Id nulla quia temporibus voluptatem facilis cumque blanditiis deserunt.,873,
467,31,5,22,2019-8-13 09:31:34,http://lorempixel.com/400/400/business,Et qui facilis.,740,
468,46,1,6,2019-7-31 02:50:26,http://lorempixel.com/400/400/business,Rem minus eveniet sapiente minus cumque dolorem illo numquam sunt.,575,
469,20,2,10,2019-7-27 19:24:52,http://lorempixel.com/400/400/business,Sapiente vero repellat corporis dolorum odit vel.,153,
470,94,1,1,2019-8-9 13:45:16,http://lorempixel.com/400/400/business,Est id id sed repellat adipisci.,620,2019-8-28 02:25:01
471,3,5,23,2019-7-27 19:42:04,http://lorempixel.com/400/400/business,Doloremque ut laborum adipisci facilis adipisci.,921,2019-8-30 00:29:01
472,59,1,5,2019-7-29 10:25:37,http://lorempixel.com/400/400/business,Deserunt et consequatur atque placeat maiores.,759,2019-7-29 16:40:23
473,70,5,23,2019-7-25 12:12:16,http://lorempixel.com/400/400/business,Dolore esse vitae accusamus commodi optio nisi dolores.,655,
474,88,5,22,2019-8-8 15:41:39,http://lorempixel.com/400/400/business,Consequatur aspernatur quibusdam tempore corrupti quo.,940,
475,98,2,9,2019-8-10 15:53:50,http://lorempixel.com/400/400/business,Explicabo maiores veniam consectetur fugiat distinctio expedita iure.,108,
476,2,3,15,2019-8-1 07:18:36,http://lorempixel.com/400/400/business,Culpa perspiciatis explicabo corrupti velit.,793,2019-8-10 22:49:08
477,46,2,13,2019-8-6 17:24:44,http://lorempixel.com/400/400/business,Voluptate ut enim nostrum.,597,2019-8-11 08:21:54
478,37,4,21,2019-8-4 07:45:04,http://lorempixel.com/400/400/business,Nostrum atque asperiores.,531,
479,43,5,22,2019-8-9 03:32:56,http://lorempixel.com/400/400/business,Consequatur vel architecto perferendis nesciunt alias officiis sed est.,218,2019-8-15 23:48:36
480,42,5,23,2019-7-25 18:22:19,http://lorempixel.com/400/400/business,Perspiciatis ex ducimus sunt similique esse minus.,514,
481,28,1,8,2019-7-26 21:06:31,http://lorempixel.com/400/400/business,Architecto eos sed.,490,
482,35,1,6,2019-8-1 08:19:03,http://lorempixel.com/400/400/business,Corrupti cupiditate ea quas non eaque qui qui veniam dolor.,713,
483,45,1,3,2019-8-7 21:43:07,http://lorempixel.com/400/400/business,Ratione hic non eveniet sint nostrum voluptas.,245,
484,55,3,17,2019-8-5 10:42:43,http://lorempixel.com/400/400/business,Ab et asperiores quis odio voluptas corrupti et atque ut.,178,
485,83,3,14,2019-8-6 22:44:12,http://lorempixel.com/400/400/business,Tenetur quia quia sint dolor in soluta enim magni.,302,2019-9-30 12:41:14
486,94,5,23,2019-8-9 08:59:08,http://lorempixel.com/400/400/business,Officia sit modi aut.,339,2019-9-23 21:48:00
487,45,3,15,2019-7-29 21:19:19,http://lorempixel.com/400/400/business,Voluptatem voluptate reprehenderit et dicta qui quibusdam tenetur placeat sed.,683,
488,91,3,16,2019-7-25 00:46:29,http://lorempixel.com/400/400/business,Eos sed reprehenderit voluptatibus distinctio qui ut.,334,2019-8-12 05:15:56
489,27,1,3,2019-8-7 14:35:00,http://lorempixel.com/400/400/business,Possimus aut pariatur sapiente.,574,2019-9-8 08:38:51
490,76,4,20,2019-8-2 00:22:48,http://lorempixel.com/400/400/business,Earum assumenda saepe error cupiditate qui illo molestiae quaerat.,83,
491,99,1,2,2019-8-14 14:58:58,http://lorempixel.com/400/400/business,Nihil rerum aut nihil atque.,650,
492,78,5,23,2019-8-10 18:44:48,http://lorempixel.com/400/400/business,Nam quod provident non molestias earum tempora deserunt.,788,
493,86,3,14,2019-8-2 01:23:44,http://lorempixel.com/400/400/business,Ex quia aut dolorem nisi eum aut.,821,
494,18,1,1,2019-7-30 21:06:11,http://lorempixel.com/400/400/business,Harum inventore dicta blanditiis.,66,2019-9-2 04:57:34
495,49,1,1,2019-8-2 15:53:15,http://lorempixel.com/400/400/business,Qui eligendi ratione nostrum quia beatae veniam distinctio quos officia.,809,2019-8-24 07:23:55
496,77,2,12,2019-8-8 03:07:32,http://lorempixel.com/400/400/business,Consequatur officiis eos modi illo itaque placeat atque nostrum atque.,115,
497,93,4,21,2019-7-27 10:32:32,http://lorempixel.com/400/400/business,Possimus sit nam.,397,
498,59,3,14,2019-8-1 07:36:37,http://lorempixel.com/400/400/business,Suscipit assumenda possimus optio fugit enim a.,85,2019-8-5 05:52:46
499,39,5,22,2019-7-27 06:13:59,http://lorempixel.com/400/400/business,Hic error molestiae nemo rem nesciunt.,6,
500,65,1,8,2019-8-12 20:47:21,http://lorempixel.com/400/400/business,Reiciendis deserunt omnis animi ut quos hic suscipit et id.,446,
